/**PRODUCT CATEGORY*/
INSERT INTO m_product_category (PRODUCT_CATEGORY_ID, NAME, ISACTIVE) 
VALUES (101, 'นิสชิน-นิสชินคัพรสหมูสับ', 'Y');

INSERT INTO m_product_category (PRODUCT_CATEGORY_ID, NAME, ISACTIVE) 
VALUES (102, 'นิสชิน-นิสชินคัพรสทะเล', 'Y');

INSERT INTO m_product_category (PRODUCT_CATEGORY_ID, NAME, ISACTIVE) 
VALUES (201, 'เซ็นท์แอนดรูว์-ยาสีฟันเซ็นท์แอนดรูว์', 'Y');

INSERT INTO m_product_category (PRODUCT_CATEGORY_ID, NAME, ISACTIVE) 
VALUES (202, 'เซ็นท์แอนดรูว์-แป้งเซ็นท์แอนดรูว์', 'Y');

INSERT INTO m_product_category (PRODUCT_CATEGORY_ID, NAME, ISACTIVE) 
VALUES (301, 'ฮาร์ทติเบเนคอล-ฮาร์ทติเบเนคอลรสส้ม', 'Y');

INSERT INTO m_product_category (PRODUCT_CATEGORY_ID, NAME, ISACTIVE) 
VALUES (302, 'ฮาร์ทติเบเนคอล-ฮาร์ทติเบเนคอลรสสตอรเบอร์รี่', 'Y');

INSERT INTO m_product_category (PRODUCT_CATEGORY_ID, NAME, ISACTIVE) 
VALUES (303, 'ฮาร์ทติเบเนคอล-ฮาร์ทติเบเนคอลรสมิกซ์', 'Y');

/**UOM*/
INSERT INTO m_uom(UOM_ID, CODE, NAME, ISACTIVE, DISABLE_DATE, UOM_CLASS_ID) 
VALUES ('CTN', 'หีบ', 'หีบ', 'Y', null, null);

INSERT INTO m_uom(UOM_ID, CODE, NAME, ISACTIVE, DISABLE_DATE, UOM_CLASS_ID) 
VALUES ('BTL', 'ขวด', 'ขวด', 'Y', null, null);

INSERT INTO m_uom(UOM_ID, CODE, NAME, ISACTIVE, DISABLE_DATE, UOM_CLASS_ID) 
VALUES ('CUP', 'ถ้วย', 'ถ้วย', 'Y', null, null);

/**PRODUCT*/
INSERT INTO m_product(PRODUCT_ID, CODE, NAME, DESCRIPTION, UOM_ID, ISACTIVE, PRODUCT_CATEGORY_ID) 
VALUES (101, '419135', 'NC0', 'นิสชินคัพรสทะเล', 'CUP', 'Y', 102);

INSERT INTO m_product(PRODUCT_ID, CODE, NAME, DESCRIPTION, UOM_ID, ISACTIVE, PRODUCT_CATEGORY_ID) 
VALUES (102, '419168', 'NC03', 'นิสชินคัพรสทะเล(แพ็ค 3)', 'CTN', 'Y', 102);

INSERT INTO m_product(PRODUCT_ID, CODE, NAME, DESCRIPTION, UOM_ID, ISACTIVE, PRODUCT_CATEGORY_ID) 
VALUES (103, '419119', 'NCP', 'นิสชินคัพรสหมูสับ', 'CUP','Y', 101);

INSERT INTO m_product(PRODUCT_ID, CODE, NAME, DESCRIPTION, UOM_ID, ISACTIVE, PRODUCT_CATEGORY_ID) 
VALUES (104, '491275', 'NCP6M', 'นิสชินคัพรสหมูสับ6', 'CTN', 'Y', 101);

INSERT INTO m_product(PRODUCT_ID, CODE, NAME, DESCRIPTION, UOM_ID, ISACTIVE, PRODUCT_CATEGORY_ID) 
VALUES (301, '797092', 'BCSOS', 'ฮาร์ทติเบเนคอลรสส้มรุ่นขวดเดี่ยว', 'BTL', 'Y', 301);

INSERT INTO m_product(PRODUCT_ID, CODE, NAME, DESCRIPTION, UOM_ID, ISACTIVE, PRODUCT_CATEGORY_ID) 
VALUES (302, '797100', 'BCSSS', 'ฮาร์ทติเบเนคอลรสสตรอเบอร์รี่รุ่นขวดเดี่ยว', 'BTL', 'Y', 302);

INSERT INTO m_product(PRODUCT_ID, CODE, NAME, DESCRIPTION, UOM_ID, ISACTIVE, PRODUCT_CATEGORY_ID) 
VALUES (303, '797134', 'BCSBS', 'ฮาร์ทติเบเนคอลรสมิกซ์รุ่นขวดเดี่ยว', 'BTL', 'Y', 303);

/**PRICE LIST*/
INSERT INTO m_pricelist(PRICELIST_ID, NAME, DESCRIPTION, ISACTIVE, PRICE_LIST_TYPE, EFFECTIVE_DATE, EFFECTIVETO_DATE) 
VALUES (100, 'CS_PRICE', 'Whole sales price for CS', 'Y', 'CS', null, null);

INSERT INTO m_pricelist(PRICELIST_ID, NAME, DESCRIPTION, ISACTIVE, PRICE_LIST_TYPE, EFFECTIVE_DATE, EFFECTIVETO_DATE) 
VALUES (200, 'CR_PRICE', 'Whole sales price for CR', 'Y', 'CR', null, null);

INSERT INTO m_pricelist(PRICELIST_ID, NAME, DESCRIPTION, ISACTIVE, PRICE_LIST_TYPE, EFFECTIVE_DATE, EFFECTIVETO_DATE) 
VALUES (300, 'DD_PRICE', 'Whole sales price for DD', 'Y', 'DD', null, null);

/**PRODUCT PRICE*/
INSERT INTO m_product_price(PRODUCT_PRICE_ID, PRICELIST_ID, PRODUCT_ID, PRICE, ISACTIVE, UOM_ID) 
VALUES (101, 100, 101, 378, 'Y', 'CTN');

INSERT INTO m_product_price(PRODUCT_PRICE_ID, PRICELIST_ID, PRODUCT_ID, PRICE, ISACTIVE, UOM_ID) 
VALUES (102, 100, 102, 378, 'Y', 'CTN');

INSERT INTO m_product_price(PRODUCT_PRICE_ID, PRICELIST_ID, PRODUCT_ID, PRICE, ISACTIVE, UOM_ID) 
VALUES (103, 100, 103, 378, 'Y', 'CTN');

INSERT INTO m_product_price(PRODUCT_PRICE_ID, PRICELIST_ID, PRODUCT_ID, PRICE, ISACTIVE, UOM_ID) 
VALUES (104, 100, 104, 378, 'Y', 'CTN');

INSERT INTO m_product_price(PRODUCT_PRICE_ID, PRICELIST_ID, PRODUCT_ID, PRICE, ISACTIVE, UOM_ID) 
VALUES (201, 200, 101, 378, 'Y', 'CTN');

INSERT INTO m_product_price(PRODUCT_PRICE_ID, PRICELIST_ID, PRODUCT_ID, PRICE, ISACTIVE, UOM_ID) 
VALUES (202, 200, 102, 378, 'Y', 'CTN');

INSERT INTO m_product_price(PRODUCT_PRICE_ID, PRICELIST_ID, PRODUCT_ID, PRICE, ISACTIVE, UOM_ID) 
VALUES (203, 200, 103, 378, 'Y', 'CTN');

INSERT INTO m_product_price(PRODUCT_PRICE_ID, PRICELIST_ID, PRODUCT_ID, PRICE, ISACTIVE, UOM_ID) 
VALUES (204, 200, 104, 378, 'Y', 'CTN');

INSERT INTO m_product_price(PRODUCT_PRICE_ID, PRICELIST_ID, PRODUCT_ID, PRICE, ISACTIVE, UOM_ID) 
VALUES (301, 300, 301, 20, 'Y', 'BTL');

INSERT INTO m_product_price(PRODUCT_PRICE_ID, PRICELIST_ID, PRODUCT_ID, PRICE, ISACTIVE, UOM_ID) 
VALUES (302, 300, 302, 20, 'Y', 'BTL');

INSERT INTO m_product_price(PRODUCT_PRICE_ID, PRICELIST_ID, PRODUCT_ID, PRICE, ISACTIVE, UOM_ID) 
VALUES (303, 300, 303, 20, 'Y', 'BTL');

INSERT INTO m_product_price(PRODUCT_PRICE_ID, PRICELIST_ID, PRODUCT_ID, PRICE, ISACTIVE, UOM_ID) 
VALUES (401, 100, 101, 13, 'Y', 'CUP');

INSERT INTO m_product_price(PRODUCT_PRICE_ID, PRICELIST_ID, PRODUCT_ID, PRICE, ISACTIVE, UOM_ID) 
VALUES (403, 100, 103, 13, 'Y', 'CUP');

INSERT INTO m_product_price(PRODUCT_PRICE_ID, PRICELIST_ID, PRODUCT_ID, PRICE, ISACTIVE, UOM_ID) 
VALUES (501, 200, 101, 13, 'Y', 'CUP');

INSERT INTO m_product_price(PRODUCT_PRICE_ID, PRICELIST_ID, PRODUCT_ID, PRICE, ISACTIVE, UOM_ID) 
VALUES (503, 200, 103, 13, 'Y', 'CUP');

/**Sales Target*/
INSERT INTO m_sales_target(SALES_TARGET_ID, MONTH, TARGET_AMOUNT, USER_ID, ISACTIVE, YEAR) 
VALUES (200, 'JAN', 100000, 2, 'Y', 2553);
INSERT INTO m_sales_target(SALES_TARGET_ID, MONTH, TARGET_AMOUNT, USER_ID, ISACTIVE, YEAR) 
VALUES (201, 'FEB', 100000, 2, 'Y', 2553);
INSERT INTO m_sales_target(SALES_TARGET_ID, MONTH, TARGET_AMOUNT, USER_ID, ISACTIVE, YEAR) 
VALUES (202, 'MAR', 100000, 2, 'Y', 2553);
INSERT INTO m_sales_target(SALES_TARGET_ID, MONTH, TARGET_AMOUNT, USER_ID, ISACTIVE, YEAR) 
VALUES (203, 'APR', 100000, 2, 'Y', 2553);
INSERT INTO m_sales_target(SALES_TARGET_ID, MONTH, TARGET_AMOUNT, USER_ID, ISACTIVE, YEAR) 
VALUES (204, 'MAY', 100000, 2, 'Y', 2553);
INSERT INTO m_sales_target(SALES_TARGET_ID, MONTH, TARGET_AMOUNT, USER_ID, ISACTIVE, YEAR) 
VALUES (205, 'JUN', 100000, 2, 'Y', 2553);
INSERT INTO m_sales_target(SALES_TARGET_ID, MONTH, TARGET_AMOUNT, USER_ID, ISACTIVE, YEAR) 
VALUES (206, 'JUL', 100000, 2, 'Y', 2553);
INSERT INTO m_sales_target(SALES_TARGET_ID, MONTH, TARGET_AMOUNT, USER_ID, ISACTIVE, YEAR) 
VALUES (207, 'AUG', 100000, 2, 'Y', 2553);
INSERT INTO m_sales_target(SALES_TARGET_ID, MONTH, TARGET_AMOUNT, USER_ID, ISACTIVE, YEAR) 
VALUES (208, 'SEP', 100000, 2, 'Y', 2553);
INSERT INTO m_sales_target(SALES_TARGET_ID, MONTH, TARGET_AMOUNT, USER_ID, ISACTIVE, YEAR) 
VALUES (209, 'OCT', 100000, 2, 'Y', 2553);
INSERT INTO m_sales_target(SALES_TARGET_ID, MONTH, TARGET_AMOUNT, USER_ID, ISACTIVE, YEAR) 
VALUES (210, 'NOV', 100000, 2, 'Y', 2553);
INSERT INTO m_sales_target(SALES_TARGET_ID, MONTH, TARGET_AMOUNT, USER_ID, ISACTIVE, YEAR) 
VALUES (211, 'DEC', 100000, 2, 'Y', 2553);


INSERT INTO m_sales_target(SALES_TARGET_ID, MONTH, TARGET_AMOUNT, USER_ID, ISACTIVE, YEAR) 
VALUES (300, 'JAN', 100000, 3, 'Y', 2553);
INSERT INTO m_sales_target(SALES_TARGET_ID, MONTH, TARGET_AMOUNT, USER_ID, ISACTIVE, YEAR) 
VALUES (301, 'FEB', 100000, 3, 'Y', 2553);
INSERT INTO m_sales_target(SALES_TARGET_ID, MONTH, TARGET_AMOUNT, USER_ID, ISACTIVE, YEAR) 
VALUES (302, 'MAR', 100000, 3, 'Y', 2553);
INSERT INTO m_sales_target(SALES_TARGET_ID, MONTH, TARGET_AMOUNT, USER_ID, ISACTIVE, YEAR) 
VALUES (303, 'APR', 100000, 3, 'Y', 2553);
INSERT INTO m_sales_target(SALES_TARGET_ID, MONTH, TARGET_AMOUNT, USER_ID, ISACTIVE, YEAR) 
VALUES (304, 'MAY', 100000, 3, 'Y', 2553);
INSERT INTO m_sales_target(SALES_TARGET_ID, MONTH, TARGET_AMOUNT, USER_ID, ISACTIVE, YEAR) 
VALUES (305, 'JUN', 100000, 3, 'Y', 2553);
INSERT INTO m_sales_target(SALES_TARGET_ID, MONTH, TARGET_AMOUNT, USER_ID, ISACTIVE, YEAR) 
VALUES (306, 'JUL', 100000, 3, 'Y', 2553);
INSERT INTO m_sales_target(SALES_TARGET_ID, MONTH, TARGET_AMOUNT, USER_ID, ISACTIVE, YEAR) 
VALUES (307, 'AUG', 100000, 3, 'Y', 2553);
INSERT INTO m_sales_target(SALES_TARGET_ID, MONTH, TARGET_AMOUNT, USER_ID, ISACTIVE, YEAR) 
VALUES (308, 'SEP', 100000, 3, 'Y', 2553);
INSERT INTO m_sales_target(SALES_TARGET_ID, MONTH, TARGET_AMOUNT, USER_ID, ISACTIVE, YEAR) 
VALUES (309, 'OCT', 100000, 3, 'Y', 2553);
INSERT INTO m_sales_target(SALES_TARGET_ID, MONTH, TARGET_AMOUNT, USER_ID, ISACTIVE, YEAR) 
VALUES (310, 'NOV', 100000, 3, 'Y', 2553);
INSERT INTO m_sales_target(SALES_TARGET_ID, MONTH, TARGET_AMOUNT, USER_ID, ISACTIVE, YEAR) 
VALUES (311, 'DEC', 100000, 3, 'Y', 2553);

/**Trip*/
INSERT INTO m_trip(TRIP_ID, YEAR, MONTH, DAY, CUSTOMER_ID, USER_ID) 
VALUES (100, '2010', '10', '20', 8, 2);

INSERT INTO m_trip(TRIP_ID, YEAR, MONTH, DAY, CUSTOMER_ID, USER_ID) 
VALUES (101, '2010', '10', '20', 7, 3);

INSERT INTO m_trip(TRIP_ID, YEAR, MONTH, DAY, CUSTOMER_ID, USER_ID) 
VALUES (102, '2010', '10', '21', 11, 3);


/**Conversion*/
INSERT INTO m_uom_conversion(PRODUCT_ID, UOM_ID, CONVERSION_RATE, DISABLE_DATE) 
VALUES (101, 'CUP', 18, CURRENT_TIMESTAMP);

INSERT INTO m_uom_conversion(PRODUCT_ID, UOM_ID, CONVERSION_RATE, DISABLE_DATE) 
VALUES (102, 'CUP', 18, CURRENT_TIMESTAMP);

INSERT INTO m_uom_conversion(PRODUCT_ID, UOM_ID, CONVERSION_RATE, DISABLE_DATE) 
VALUES (103, 'CUP', 18, CURRENT_TIMESTAMP);

INSERT INTO m_uom_conversion(PRODUCT_ID, UOM_ID, CONVERSION_RATE, DISABLE_DATE) 
VALUES (104, 'CUP', 18, CURRENT_TIMESTAMP);

/**SUB INVENTORY*/
INSERT INTO m_sub_inventory(SUB_INVENTORY_ID, NAME, DESCRIPTION, TYPE, TERRITORY, ISACTIVE) 
VALUES (100, 'R401', 'สร. อุดรธานี', 'สร', '4', 'Y');
INSERT INTO m_sub_inventory(SUB_INVENTORY_ID, NAME, DESCRIPTION, TYPE, TERRITORY, ISACTIVE) 
VALUES (101, 'R401-03', 'สร. อุดรธานี เก็บสินค้ารอพิจารณา', 'สร', '4', 'Y');
INSERT INTO m_sub_inventory(SUB_INVENTORY_ID, NAME, DESCRIPTION, TYPE, TERRITORY, ISACTIVE) 
VALUES (102, 'R402', 'สร. ขอนแก่น', 'สร', '4', 'Y');
INSERT INTO m_sub_inventory(SUB_INVENTORY_ID, NAME, DESCRIPTION, TYPE, TERRITORY, ISACTIVE) 
VALUES (103, 'R001-03', 'สร. นนทบุรี เก็บสินค้ารอพิจารณา', 'สร', '0', 'Y');
INSERT INTO m_sub_inventory(SUB_INVENTORY_ID, NAME, DESCRIPTION, TYPE, TERRITORY, ISACTIVE) 
VALUES (104, 'R501', 'สร. เชียงใหม่', 'สร', '5', 'Y');
INSERT INTO m_sub_inventory(SUB_INVENTORY_ID, NAME, DESCRIPTION, TYPE, TERRITORY, ISACTIVE) 
VALUES (105, 'C375', 'Van Sales C375', 'VAN', '5', 'Y');
INSERT INTO m_sub_inventory(SUB_INVENTORY_ID, NAME, DESCRIPTION, TYPE, TERRITORY, ISACTIVE) 
VALUES (106, 'C326', 'Van Sales C326', 'VAN', '5', 'Y');
INSERT INTO m_sub_inventory(SUB_INVENTORY_ID, NAME, DESCRIPTION, TYPE, TERRITORY, ISACTIVE) 
VALUES (107, 'C077', 'Van Sales C077', 'VAN', '0', 'Y');
INSERT INTO m_sub_inventory(SUB	_INVENTORY_ID, NAME, DESCRIPTION, TYPE, TERRITORY, ISACTIVE) 
VALUES (108, 'C541', 'Van Sales C541', 'VAN', '4', 'Y');
INSERT INTO m_sub_inventory(SUB_INVENTORY_ID, NAME, DESCRIPTION, TYPE, TERRITORY, ISACTIVE) 
VALUES (109, 'C644', 'Van Sales C644', 'VAN', '4', 'Y');
INSERT INTO m_sub_inventory(SUB_INVENTORY_ID, NAME, DESCRIPTION, TYPE, TERRITORY, ISACTIVE) 
VALUES (110, 'C055', 'Van Sales C055', 'VAN', '0', 'Y');

/**VAN ON-HAND*/
INSERT INTO m_inventory_onhand(INVENTORY_ONHAND_ID, USER_ID, SUB_INVENTORY_ID, INVENTORY_ITEM_ID, UOM_ID, AVAILABLE_QTY) 
VALUES (100, 3, 105, 101, 'CTN', 15);
INSERT INTO m_inventory_onhand(INVENTORY_ONHAND_ID, USER_ID, SUB_INVENTORY_ID, INVENTORY_ITEM_ID, UOM_ID, AVAILABLE_QTY) 
VALUES (101, 3, 105, 102, 'CTN', 12);
INSERT INTO m_inventory_onhand(INVENTORY_ONHAND_ID, USER_ID, SUB_INVENTORY_ID, INVENTORY_ITEM_ID, UOM_ID, AVAILABLE_QTY) 
VALUES (102, 3, 105, 103, 'CTN', 11);
INSERT INTO m_inventory_onhand(INVENTORY_ONHAND_ID, USER_ID, SUB_INVENTORY_ID, INVENTORY_ITEM_ID, UOM_ID, AVAILABLE_QTY) 
VALUES (103, 3, 105, 104, 'CTN', 14);

INSERT INTO m_inventory_onhand(INVENTORY_ONHAND_ID, USER_ID, SUB_INVENTORY_ID, INVENTORY_ITEM_ID, UOM_ID, AVAILABLE_QTY) 
VALUES (200, null, 100, 101, 'CTN', 92);
INSERT INTO m_inventory_onhand(INVENTORY_ONHAND_ID, USER_ID, SUB_INVENTORY_ID, INVENTORY_ITEM_ID, UOM_ID, AVAILABLE_QTY) 
VALUES (201, null, 100, 102, 'CTN', 85);
INSERT INTO m_inventory_onhand(INVENTORY_ONHAND_ID, USER_ID, SUB_INVENTORY_ID, INVENTORY_ITEM_ID, UOM_ID, AVAILABLE_QTY) 
VALUES (202, null, 100, 103, 'CTN', 96);
INSERT INTO m_inventory_onhand(INVENTORY_ONHAND_ID, USER_ID, SUB_INVENTORY_ID, INVENTORY_ITEM_ID, UOM_ID, AVAILABLE_QTY) 
VALUES (203, null, 100, 104, 'CTN', 81);

INSERT INTO m_inventory_onhand(INVENTORY_ONHAND_ID, USER_ID, SUB_INVENTORY_ID, INVENTORY_ITEM_ID, UOM_ID, AVAILABLE_QTY) 
VALUES (300, null, 101, 101, 'CTN', 92);
INSERT INTO m_inventory_onhand(INVENTORY_ONHAND_ID, USER_ID, SUB_INVENTORY_ID, INVENTORY_ITEM_ID, UOM_ID, AVAILABLE_QTY) 
VALUES (301, null, 101, 102, 'CTN', 85);
INSERT INTO m_inventory_onhand(INVENTORY_ONHAND_ID, USER_ID, SUB_INVENTORY_ID, INVENTORY_ITEM_ID, UOM_ID, AVAILABLE_QTY) 
VALUES (302, null, 101, 103, 'CTN', 96);
INSERT INTO m_inventory_onhand(INVENTORY_ONHAND_ID, USER_ID, SUB_INVENTORY_ID, INVENTORY_ITEM_ID, UOM_ID, AVAILABLE_QTY) 
VALUES (303, null, 101, 104, 'CTN', 81);

INSERT INTO m_inventory_onhand(INVENTORY_ONHAND_ID, USER_ID, SUB_INVENTORY_ID, INVENTORY_ITEM_ID, UOM_ID, AVAILABLE_QTY) 
VALUES (400, null, 102, 101, 'CTN', 92);
INSERT INTO m_inventory_onhand(INVENTORY_ONHAND_ID, USER_ID, SUB_INVENTORY_ID, INVENTORY_ITEM_ID, UOM_ID, AVAILABLE_QTY) 
VALUES (401, null, 102, 102, 'CTN', 85);
INSERT INTO m_inventory_onhand(INVENTORY_ONHAND_ID, USER_ID, SUB_INVENTORY_ID, INVENTORY_ITEM_ID, UOM_ID, AVAILABLE_QTY) 
VALUES (402, null, 102, 103, 'CTN', 96);
INSERT INTO m_inventory_onhand(INVENTORY_ONHAND_ID, USER_ID, SUB_INVENTORY_ID, INVENTORY_ITEM_ID, UOM_ID, AVAILABLE_QTY) 
VALUES (403, null, 102, 104, 'CTN', 81);

INSERT INTO m_inventory_onhand(INVENTORY_ONHAND_ID, USER_ID, SUB_INVENTORY_ID, INVENTORY_ITEM_ID, UOM_ID, AVAILABLE_QTY) 
VALUES (500, null, 103, 101, 'CTN', 92);
INSERT INTO m_inventory_onhand(INVENTORY_ONHAND_ID, USER_ID, SUB_INVENTORY_ID, INVENTORY_ITEM_ID, UOM_ID, AVAILABLE_QTY) 
VALUES (501, null, 103, 102, 'CTN', 85);
INSERT INTO m_inventory_onhand(INVENTORY_ONHAND_ID, USER_ID, SUB_INVENTORY_ID, INVENTORY_ITEM_ID, UOM_ID, AVAILABLE_QTY) 
VALUES (502, null, 103, 103, 'CTN', 96);
INSERT INTO m_inventory_onhand(INVENTORY_ONHAND_ID, USER_ID, SUB_INVENTORY_ID, INVENTORY_ITEM_ID, UOM_ID, AVAILABLE_QTY) 
VALUES (503, null, 103, 104, 'CTN', 81);

INSERT INTO m_inventory_onhand(INVENTORY_ONHAND_ID, USER_ID, SUB_INVENTORY_ID, INVENTORY_ITEM_ID, UOM_ID, AVAILABLE_QTY) 
VALUES (600, null, 104, 101, 'CTN', 92);
INSERT INTO m_inventory_onhand(INVENTORY_ONHAND_ID, USER_ID, SUB_INVENTORY_ID, INVENTORY_ITEM_ID, UOM_ID, AVAILABLE_QTY) 
VALUES (601, null, 104, 102, 'CTN', 85);
INSERT INTO m_inventory_onhand(INVENTORY_ONHAND_ID, USER_ID, SUB_INVENTORY_ID, INVENTORY_ITEM_ID, UOM_ID, AVAILABLE_QTY) 
VALUES (602, null, 104, 103, 'CTN', 96);
INSERT INTO m_inventory_onhand(INVENTORY_ONHAND_ID, USER_ID, SUB_INVENTORY_ID, INVENTORY_ITEM_ID, UOM_ID, AVAILABLE_QTY) 
VALUES (603, null, 104, 104, 'CTN', 81);


--new product--
INSERT INTO m_product_category(PRODUCT_CATEGORY_ID, NAME, ISACTIVE) 
VALUES (501, 'ปลากระป๋อง', 'Y');

INSERT INTO m_product(PRODUCT_ID, CODE, NAME, DESCRIPTION, UOM_ID, ISACTIVE, PRODUCT_CATEGORY_ID) 
VALUES (501, '151001', 'ปลาซาบะในซอสมะเขือเทศ', 'ปลาซาบะในซอสมะเขือเทศ', 'CTN', 'Y', 501);
INSERT INTO m_product(PRODUCT_ID, CODE, NAME, DESCRIPTION, UOM_ID, ISACTIVE, PRODUCT_CATEGORY_ID) 
VALUES (502, '151002', 'ปลาซาดีนในซอสมะเขือเทศ', 'ปลาซาดีนในซอสมะเขือเทศ', 'CTN', 'Y', 501);
INSERT INTO m_product(PRODUCT_ID, CODE, NAME, DESCRIPTION, UOM_ID, ISACTIVE, PRODUCT_CATEGORY_ID) 
VALUES (503, '151003', 'ปลาแมคเคอเรลในซอสมะเขือเทศ', 'ปลาแมคเคอเรลในซอสมะเขือเทศ', 'CTN', 'Y', 501);
INSERT INTO m_product(PRODUCT_ID, CODE, NAME, DESCRIPTION, UOM_ID, ISACTIVE, PRODUCT_CATEGORY_ID) 
VALUES (504, '151004', 'ปลาซาบะในซอสเทริยากิ', 'ปลาซาบะในซอสเทริยากิ', 'CTN', 'Y', 501);
INSERT INTO m_product(PRODUCT_ID, CODE, NAME, DESCRIPTION, UOM_ID, ISACTIVE, PRODUCT_CATEGORY_ID) 
VALUES (505, '151005', 'ปลาทูน่ากระป๋องในน้ำมัน', 'ปลาทูน่ากระป๋องในน้ำมัน', 'CTN', 'Y', 501);
INSERT INTO m_product(PRODUCT_ID, CODE, NAME, DESCRIPTION, UOM_ID, ISACTIVE, PRODUCT_CATEGORY_ID) 
VALUES (506, '151006', 'ปลาทูน่ากระป๋องในน้ำเกลือ', 'ปลาทูน่ากระป๋องในน้ำเกลือ', 'CTN', 'Y', 501);

--new product price--
INSERT INTO m_uom(UOM_ID, CODE, NAME, ISACTIVE, DISABLE_DATE, UOM_CLASS_ID) 
VALUES ('CAN', 'CAN', 'กระป๋อง', 'Y', null, null);

INSERT INTO m_product_price(PRODUCT_PRICE_ID, PRICELIST_ID, PRODUCT_ID, PRICE, EFFECTIVE_DATE, EFFECTIVETO_DATE, ISACTIVE, UOM_ID) 
VALUES (601, 100, 501, 220, null, null, 'Y', 'CTN');
INSERT INTO m_product_price(PRODUCT_PRICE_ID, PRICELIST_ID, PRODUCT_ID, PRICE, EFFECTIVE_DATE, EFFECTIVETO_DATE, ISACTIVE, UOM_ID) 
VALUES (602, 100, 502, 250, null, null, 'Y', 'CTN');
INSERT INTO m_product_price(PRODUCT_PRICE_ID, PRICELIST_ID, PRODUCT_ID, PRICE, EFFECTIVE_DATE, EFFECTIVETO_DATE, ISACTIVE, UOM_ID) 
VALUES (603, 100, 503, 265, null, null, 'Y', 'CTN');
INSERT INTO m_product_price(PRODUCT_PRICE_ID, PRICELIST_ID, PRODUCT_ID, PRICE, EFFECTIVE_DATE, EFFECTIVETO_DATE, ISACTIVE, UOM_ID) 
VALUES (604, 100, 504, 225, null, null, 'Y', 'CTN');
INSERT INTO m_product_price(PRODUCT_PRICE_ID, PRICELIST_ID, PRODUCT_ID, PRICE, EFFECTIVE_DATE, EFFECTIVETO_DATE, ISACTIVE, UOM_ID) 
VALUES (605, 100, 505, 210, null, null, 'Y', 'CTN');
INSERT INTO m_product_price(PRODUCT_PRICE_ID, PRICELIST_ID, PRODUCT_ID, PRICE, EFFECTIVE_DATE, EFFECTIVETO_DATE, ISACTIVE, UOM_ID) 
VALUES (606, 100, 506, 215, null, null, 'Y', 'CTN');

INSERT INTO m_product_price(PRODUCT_PRICE_ID, PRICELIST_ID, PRODUCT_ID, PRICE, EFFECTIVE_DATE, EFFECTIVETO_DATE, ISACTIVE, UOM_ID) 
VALUES (701, 100, 501, 22, null, null, 'Y', 'CAN');
INSERT INTO m_product_price(PRODUCT_PRICE_ID, PRICELIST_ID, PRODUCT_ID, PRICE, EFFECTIVE_DATE, EFFECTIVETO_DATE, ISACTIVE, UOM_ID) 
VALUES (702, 100, 502, 25, null, null, 'Y', 'CAN');
INSERT INTO m_product_price(PRODUCT_PRICE_ID, PRICELIST_ID, PRODUCT_ID, PRICE, EFFECTIVE_DATE, EFFECTIVETO_DATE, ISACTIVE, UOM_ID) 
VALUES (703, 100, 503, 26.5, null, null, 'Y', 'CAN');
INSERT INTO m_product_price(PRODUCT_PRICE_ID, PRICELIST_ID, PRODUCT_ID, PRICE, EFFECTIVE_DATE, EFFECTIVETO_DATE, ISACTIVE, UOM_ID) 
VALUES (704, 100, 504, 22.5, null, null, 'Y', 'CAN');
INSERT INTO m_product_price(PRODUCT_PRICE_ID, PRICELIST_ID, PRODUCT_ID, PRICE, EFFECTIVE_DATE, EFFECTIVETO_DATE, ISACTIVE, UOM_ID) 
VALUES (705, 100, 505, 21, null, null, 'Y', 'CAN');
INSERT INTO m_product_price(PRODUCT_PRICE_ID, PRICELIST_ID, PRODUCT_ID, PRICE, EFFECTIVE_DATE, EFFECTIVETO_DATE, ISACTIVE, UOM_ID) 
VALUES (706, 100, 506, 21.5, null, null, 'Y', 'CAN');

INSERT INTO m_product_price(PRODUCT_PRICE_ID, PRICELIST_ID, PRODUCT_ID, PRICE, EFFECTIVE_DATE, EFFECTIVETO_DATE, ISACTIVE, UOM_ID) 
VALUES (801, 100, 501, 22, null, null, 'Y', 'CAN');
INSERT INTO m_product_price(PRODUCT_PRICE_ID, PRICELIST_ID, PRODUCT_ID, PRICE, EFFECTIVE_DATE, EFFECTIVETO_DATE, ISACTIVE, UOM_ID) 
VALUES (802, 100, 502, 25, null, null, 'Y', 'CAN');
INSERT INTO m_product_price(PRODUCT_PRICE_ID, PRICELIST_ID, PRODUCT_ID, PRICE, EFFECTIVE_DATE, EFFECTIVETO_DATE, ISACTIVE, UOM_ID) 
VALUES (803, 100, 503, 26.5, null, null, 'Y', 'CAN');
INSERT INTO m_product_price(PRODUCT_PRICE_ID, PRICELIST_ID, PRODUCT_ID, PRICE, EFFECTIVE_DATE, EFFECTIVETO_DATE, ISACTIVE, UOM_ID) 
VALUES (804, 100, 504, 22.5, null, null, 'Y', 'CAN');
INSERT INTO m_product_price(PRODUCT_PRICE_ID, PRICELIST_ID, PRODUCT_ID, PRICE, EFFECTIVE_DATE, EFFECTIVETO_DATE, ISACTIVE, UOM_ID) 
VALUES (805, 100, 505, 21, null, null, 'Y', 'CAN');
INSERT INTO m_product_price(PRODUCT_PRICE_ID, PRICELIST_ID, PRODUCT_ID, PRICE, EFFECTIVE_DATE, EFFECTIVETO_DATE, ISACTIVE, UOM_ID) 
VALUES (806, 100, 506, 21.5, null, null, 'Y', 'CAN');

INSERT INTO m_product_price(PRODUCT_PRICE_ID, PRICELIST_ID, PRODUCT_ID, PRICE, EFFECTIVE_DATE, EFFECTIVETO_DATE, ISACTIVE, UOM_ID) 
VALUES (901, 200, 501, 220, null, null, 'Y', 'CTN');
INSERT INTO m_product_price(PRODUCT_PRICE_ID, PRICELIST_ID, PRODUCT_ID, PRICE, EFFECTIVE_DATE, EFFECTIVETO_DATE, ISACTIVE, UOM_ID) 
VALUES (902, 200, 502, 250, null, null, 'Y', 'CTN');
INSERT INTO m_product_price(PRODUCT_PRICE_ID, PRICELIST_ID, PRODUCT_ID, PRICE, EFFECTIVE_DATE, EFFECTIVETO_DATE, ISACTIVE, UOM_ID) 
VALUES (903, 200, 503, 265, null, null, 'Y', 'CTN');
INSERT INTO m_product_price(PRODUCT_PRICE_ID, PRICELIST_ID, PRODUCT_ID, PRICE, EFFECTIVE_DATE, EFFECTIVETO_DATE, ISACTIVE, UOM_ID) 
VALUES (904, 200, 504, 225, null, null, 'Y', 'CTN');
INSERT INTO m_product_price(PRODUCT_PRICE_ID, PRICELIST_ID, PRODUCT_ID, PRICE, EFFECTIVE_DATE, EFFECTIVETO_DATE, ISACTIVE, UOM_ID) 
VALUES (905, 200, 505, 210, null, null, 'Y', 'CTN');
INSERT INTO m_product_price(PRODUCT_PRICE_ID, PRICELIST_ID, PRODUCT_ID, PRICE, EFFECTIVE_DATE, EFFECTIVETO_DATE, ISACTIVE, UOM_ID) 
VALUES (906, 200, 506, 215, null, null, 'Y', 'CTN');

INSERT INTO m_uom_conversion(PRODUCT_ID, UOM_ID, CONVERSION_RATE, DISABLE_DATE) 
VALUES (501, 'CAN', '10', null);
INSERT INTO m_uom_conversion(PRODUCT_ID, UOM_ID, CONVERSION_RATE, DISABLE_DATE) 
VALUES (502, 'CAN', '10', null);
INSERT INTO m_uom_conversion(PRODUCT_ID, UOM_ID, CONVERSION_RATE, DISABLE_DATE) 
VALUES (503, 'CAN', '10', null);
INSERT INTO m_uom_conversion(PRODUCT_ID, UOM_ID, CONVERSION_RATE, DISABLE_DATE) 
VALUES (504, 'CAN', '10', null);
INSERT INTO m_uom_conversion(PRODUCT_ID, UOM_ID, CONVERSION_RATE, DISABLE_DATE) 
VALUES (505, 'CAN', '10', null);
INSERT INTO m_uom_conversion(PRODUCT_ID, UOM_ID, CONVERSION_RATE, DISABLE_DATE) 
VALUES (506, 'CAN', '10', null);

--Modifier--
INSERT INTO m_modifier(MODIFIER_ID, TYPE, CODE, NAME, DESCRIPTION, START_DATE, END_DATE, ISACTIVE, ISAUTOMATIC) 
VALUES (6049, 'PRO', 'VS1010', 'VS-Promotion-Oct-10', 'VS-Promotion-Oct-10', null, null, 'Y', 'Y');

--Discount--
INSERT INTO m_modifier_line(MODIFIER_LINE_ID, MODIFIER_ID, TYPE, START_DATE, END_DATE, LEVEL, ISACTIVE, ISAUTOMATIC, BREAK_TYPE, APPLICATION_METHOD, VALUE, PRECEDENCE, PRICELIST_ID, BENEFIT_QTY, VOLUME_TYPE, BENEFIT_UOM_ID, VALUE_FROM, VALUE_TO) 
VALUES (6054, 6049, 'DIS', null, null, 'LINE', 'Y', 'Y', 'POINT', 'AMT', 94, 220, null, null, 'ITEM Quantity', null, 1, 1);
INSERT INTO m_modifier_attr(MODIFIER_ATTR_ID, MODIFIER_LINE_ID, PRODUCT_ATTRIBUTE, PRODUCT_ATTRIBUTE_VALUE, PRODUCT_UOM_ID, ISEXCLUDE, VALUE_FROM, VALUE_TO, OPERATOR, MODIFIER_ID) 
VALUES (51, 6054, 'ITEM', '101', 'CTN', 'N', 1, 1, 'BETWEEN', 6049);
INSERT INTO m_modifier_line(MODIFIER_LINE_ID, MODIFIER_ID, TYPE, START_DATE, END_DATE, LEVEL, ISACTIVE, ISAUTOMATIC, BREAK_TYPE, APPLICATION_METHOD, VALUE, PRECEDENCE, PRICELIST_ID, BENEFIT_QTY, VOLUME_TYPE, BENEFIT_UOM_ID, VALUE_FROM, VALUE_TO) 
VALUES (6055, 6049, 'DIS', null, null, 'LINE', 'Y', 'Y', 'POINT', '%', 7, 220, null, null, 'ITEM Quantity', null, 1, 1);
INSERT INTO m_modifier_attr(MODIFIER_ATTR_ID, MODIFIER_LINE_ID, PRODUCT_ATTRIBUTE, PRODUCT_ATTRIBUTE_VALUE, PRODUCT_UOM_ID, ISEXCLUDE, VALUE_FROM, VALUE_TO, OPERATOR, MODIFIER_ID) 
VALUES (52, 6055, 'ITEM', '102', 'CTN', 'N', 1, 1, 'BETWEEN', 6049);

--pricebreakheader--
INSERT INTO m_modifier_line(MODIFIER_LINE_ID, MODIFIER_ID, TYPE, START_DATE, END_DATE, LEVEL, ISACTIVE, ISAUTOMATIC, BREAK_TYPE, APPLICATION_METHOD, VALUE, PRECEDENCE, PRICELIST_ID, BENEFIT_QTY, VOLUME_TYPE, BENEFIT_UOM_ID, VALUE_FROM, VALUE_TO) 
VALUES (6060, 6049, 'PBH', null, null, 'LINE', 'Y', 'Y', 'POINT', null, null, 220, null, null, 'VOLUME', null, null, null);
INSERT INTO m_modifier_line(MODIFIER_LINE_ID, MODIFIER_ID, TYPE, START_DATE, END_DATE, LEVEL, ISACTIVE, ISAUTOMATIC, BREAK_TYPE, APPLICATION_METHOD, VALUE, PRECEDENCE, PRICELIST_ID, BENEFIT_QTY, VOLUME_TYPE, BENEFIT_UOM_ID, VALUE_FROM, VALUE_TO) 
VALUES (6062, 6049, 'DIS', null, null, 'LINE', 'Y', 'Y', 'POINT', 'AMT', '0', 220, null, null, 'VOLUME', null, null, null);
INSERT INTO m_modifier_line(MODIFIER_LINE_ID, MODIFIER_ID, TYPE, START_DATE, END_DATE, LEVEL, ISACTIVE, ISAUTOMATIC, BREAK_TYPE, APPLICATION_METHOD, VALUE, PRECEDENCE, PRICELIST_ID, BENEFIT_QTY, VOLUME_TYPE, BENEFIT_UOM_ID, VALUE_FROM, VALUE_TO) 
VALUES (6063, 6049, 'DIS', null, null, 'LINE', 'Y', 'Y', 'POINT', 'AMT', '37', 220, null, null, 'VOLUME', null, null, null);
INSERT INTO m_modifier_line(MODIFIER_LINE_ID, MODIFIER_ID, TYPE, START_DATE, END_DATE, LEVEL, ISACTIVE, ISAUTOMATIC, BREAK_TYPE, APPLICATION_METHOD, VALUE, PRECEDENCE, PRICELIST_ID, BENEFIT_QTY, VOLUME_TYPE, BENEFIT_UOM_ID, VALUE_FROM, VALUE_TO) 
VALUES (6064, 6049, 'DIS', null, null, 'LINE', 'Y', 'Y', 'POINT', 'AMT', '41', 220, null, null, 'VOLUME', null, null, null);

INSERT INTO m_modifier_attr(MODIFIER_ATTR_ID, MODIFIER_LINE_ID, PRODUCT_ATTRIBUTE, PRODUCT_ATTRIBUTE_VALUE, PRODUCT_UOM_ID, ISEXCLUDE, VALUE_FROM, VALUE_TO, OPERATOR, MODIFIER_ID) 
VALUES (61, 6060, 'ITEM', '103', 'CTN', 'N', null, null, 'BETWEEN', 6049);
INSERT INTO m_modifier_attr(MODIFIER_ATTR_ID, MODIFIER_LINE_ID, PRODUCT_ATTRIBUTE, PRODUCT_ATTRIBUTE_VALUE, PRODUCT_UOM_ID, ISEXCLUDE, VALUE_FROM, VALUE_TO, OPERATOR, MODIFIER_ID) 
VALUES (63, 6062, 'ITEM', '103', 'CTN', 'N', 0, .99, 'BETWEEN', 6049);
INSERT INTO m_modifier_attr(MODIFIER_ATTR_ID, MODIFIER_LINE_ID, PRODUCT_ATTRIBUTE, PRODUCT_ATTRIBUTE_VALUE, PRODUCT_UOM_ID, ISEXCLUDE, VALUE_FROM, VALUE_TO, OPERATOR, MODIFIER_ID) 
VALUES (64, 6063, 'ITEM', '103', 'CTN', 'N', .99, 4.99, 'BETWEEN', 6049);
INSERT INTO m_modifier_attr(MODIFIER_ATTR_ID, MODIFIER_LINE_ID, PRODUCT_ATTRIBUTE, PRODUCT_ATTRIBUTE_VALUE, PRODUCT_UOM_ID, ISEXCLUDE, VALUE_FROM, VALUE_TO, OPERATOR, MODIFIER_ID) 
VALUES (65, 6064, 'ITEM', '103', 'CTN', 'N', 4.99, 99999999, 'BETWEEN', 6049);

INSERT INTO m_relation_modifier(RELATION_MODIFIER_ID, MODIFIER_TYPE, MODIFIER_LINE_FROM_ID, MODIFIER_LINE_TO_ID) 
VALUES (1, 'PRICE BREAK', 6060, 6062);
INSERT INTO m_relation_modifier(RELATION_MODIFIER_ID, MODIFIER_TYPE, MODIFIER_LINE_FROM_ID, MODIFIER_LINE_TO_ID) 
VALUES (2, 'PRICE BREAK', 6060, 6063);
INSERT INTO m_relation_modifier(RELATION_MODIFIER_ID, MODIFIER_TYPE, MODIFIER_LINE_FROM_ID, MODIFIER_LINE_TO_ID) 
VALUES (3, 'PRICE BREAK', 6060, 6064);

--pricebreakheader2--
INSERT INTO m_modifier_line(MODIFIER_LINE_ID, MODIFIER_ID, TYPE, START_DATE, END_DATE, LEVEL, ISACTIVE, ISAUTOMATIC, BREAK_TYPE, APPLICATION_METHOD, VALUE, PRECEDENCE, PRICELIST_ID, BENEFIT_QTY, VOLUME_TYPE, BENEFIT_UOM_ID, VALUE_FROM, VALUE_TO) 
VALUES (6221, 6049, 'PBH', null, null, 'LINEGROUP', 'Y', 'Y', 'POINT', null, null, 290, null, null, 'VOLUME', null, null, null);
INSERT INTO m_modifier_line(MODIFIER_LINE_ID, MODIFIER_ID, TYPE, START_DATE, END_DATE, LEVEL, ISACTIVE, ISAUTOMATIC, BREAK_TYPE, APPLICATION_METHOD, VALUE, PRECEDENCE, PRICELIST_ID, BENEFIT_QTY, VOLUME_TYPE, BENEFIT_UOM_ID, VALUE_FROM, VALUE_TO) 
VALUES (6223, 6049, 'DIS', null, null, 'LINEGROUP', 'Y', 'Y', 'POINT', 'AMT', '11', 220, null, null, 'VOLUME', null, null, null);
INSERT INTO m_modifier_line(MODIFIER_LINE_ID, MODIFIER_ID, TYPE, START_DATE, END_DATE, LEVEL, ISACTIVE, ISAUTOMATIC, BREAK_TYPE, APPLICATION_METHOD, VALUE, PRECEDENCE, PRICELIST_ID, BENEFIT_QTY, VOLUME_TYPE, BENEFIT_UOM_ID, VALUE_FROM, VALUE_TO) 
VALUES (6225, 6049, 'DIS', null, null, 'LINEGROUP', 'Y', 'Y', 'POINT', 'AMT', '16', 220, null, null, 'VOLUME', null, null, null);
INSERT INTO m_modifier_line(MODIFIER_LINE_ID, MODIFIER_ID, TYPE, START_DATE, END_DATE, LEVEL, ISACTIVE, ISAUTOMATIC, BREAK_TYPE, APPLICATION_METHOD, VALUE, PRECEDENCE, PRICELIST_ID, BENEFIT_QTY, VOLUME_TYPE, BENEFIT_UOM_ID, VALUE_FROM, VALUE_TO) 
VALUES (6227, 6049, 'DIS', null, null, 'LINEGROUP', 'Y', 'Y', 'POINT', 'AMT', '0', 220, null, null, 'VOLUME', null, null, null);

INSERT INTO m_modifier_attr(MODIFIER_ATTR_ID, MODIFIER_LINE_ID, PRODUCT_ATTRIBUTE, PRODUCT_ATTRIBUTE_VALUE, PRODUCT_UOM_ID, ISEXCLUDE, VALUE_FROM, VALUE_TO, OPERATOR, MODIFIER_ID) 
VALUES (447, 6221, 'ITEM', '104', 'CTN', 'N', null, null, 'BETWEEN', 6049);
INSERT INTO m_modifier_attr(MODIFIER_ATTR_ID, MODIFIER_LINE_ID, PRODUCT_ATTRIBUTE, PRODUCT_ATTRIBUTE_VALUE, PRODUCT_UOM_ID, ISEXCLUDE, VALUE_FROM, VALUE_TO, OPERATOR, MODIFIER_ID) 
VALUES (449, 6223, 'ITEM', '104', 'CTN', 'N', .99, 4.99, 'BETWEEN', 6049);
INSERT INTO m_modifier_attr(MODIFIER_ATTR_ID, MODIFIER_LINE_ID, PRODUCT_ATTRIBUTE, PRODUCT_ATTRIBUTE_VALUE, PRODUCT_UOM_ID, ISEXCLUDE, VALUE_FROM, VALUE_TO, OPERATOR, MODIFIER_ID) 
VALUES (451, 6225, 'ITEM', '104', 'CTN', 'N', 4.99, 99999999, 'BETWEEN', 6049);
INSERT INTO m_modifier_attr(MODIFIER_ATTR_ID, MODIFIER_LINE_ID, PRODUCT_ATTRIBUTE, PRODUCT_ATTRIBUTE_VALUE, PRODUCT_UOM_ID, ISEXCLUDE, VALUE_FROM, VALUE_TO, OPERATOR, MODIFIER_ID) 
VALUES (453, 6227, 'ITEM', '104', 'CTN', 'N', 0, .99, 'BETWEEN', 6049);

INSERT INTO m_relation_modifier(RELATION_MODIFIER_ID, MODIFIER_TYPE, MODIFIER_LINE_FROM_ID, MODIFIER_LINE_TO_ID) 
VALUES (9, 'PRICE BREAK', 6221, 6223);
INSERT INTO m_relation_modifier(RELATION_MODIFIER_ID, MODIFIER_TYPE, MODIFIER_LINE_FROM_ID, MODIFIER_LINE_TO_ID) 
VALUES (10, 'PRICE BREAK', 6221, 6225);
INSERT INTO m_relation_modifier(RELATION_MODIFIER_ID, MODIFIER_TYPE, MODIFIER_LINE_FROM_ID, MODIFIER_LINE_TO_ID) 
VALUES (11, 'PRICE BREAK', 6221, 6227);

--promotionalgood--
INSERT INTO m_modifier_line(MODIFIER_LINE_ID, MODIFIER_ID, TYPE, START_DATE, END_DATE, LEVEL, ISACTIVE, ISAUTOMATIC, BREAK_TYPE, APPLICATION_METHOD, VALUE, PRECEDENCE, PRICELIST_ID, BENEFIT_QTY, VOLUME_TYPE, BENEFIT_UOM_ID, VALUE_FROM, VALUE_TO) 
VALUES (6145, 6049, 'PRG', null, null, 'LINE', 'Y', 'Y', 'RECURRING', null, null, 220, null, null, 'VOLUME', null, null, null);
INSERT INTO m_modifier_line(MODIFIER_LINE_ID, MODIFIER_ID, TYPE, START_DATE, END_DATE, LEVEL, ISACTIVE, ISAUTOMATIC, BREAK_TYPE, APPLICATION_METHOD, VALUE, PRECEDENCE, PRICELIST_ID, BENEFIT_QTY, VOLUME_TYPE, BENEFIT_UOM_ID, VALUE_FROM, VALUE_TO) 
VALUES (6147, 6049, 'DIS', null, null, 'LINE', 'Y', 'Y', null, 'NEWPRICE', 0, NULL, 100, 2, NULL, 'CAN', NULL, null);

INSERT INTO m_modifier_line(MODIFIER_LINE_ID, MODIFIER_ID, TYPE, START_DATE, END_DATE, LEVEL, ISACTIVE, ISAUTOMATIC, BREAK_TYPE, APPLICATION_METHOD, VALUE, PRECEDENCE, PRICELIST_ID, BENEFIT_QTY, VOLUME_TYPE, BENEFIT_UOM_ID, VALUE_FROM, VALUE_TO) 
VALUES (6148, 6049, 'PRG', null, null, 'LINE', 'Y', 'Y', 'RECURRING', null, null, 220, null, null, 'VOLUME', null, null, null);
INSERT INTO m_modifier_line(MODIFIER_LINE_ID, MODIFIER_ID, TYPE, START_DATE, END_DATE, LEVEL, ISACTIVE, ISAUTOMATIC, BREAK_TYPE, APPLICATION_METHOD, VALUE, PRECEDENCE, PRICELIST_ID, BENEFIT_QTY, VOLUME_TYPE, BENEFIT_UOM_ID, VALUE_FROM, VALUE_TO) 
VALUES (6150, 6049, 'DIS', null, null, 'LINE', 'Y', 'Y', null, 'NEWPRICE', 0, NULL, 100, 6, NULL, 'CAN', NULL, null);

INSERT INTO m_modifier_line(MODIFIER_LINE_ID, MODIFIER_ID, TYPE, START_DATE, END_DATE, LEVEL, ISACTIVE, ISAUTOMATIC, BREAK_TYPE, APPLICATION_METHOD, VALUE, PRECEDENCE, PRICELIST_ID, BENEFIT_QTY, VOLUME_TYPE, BENEFIT_UOM_ID, VALUE_FROM, VALUE_TO) 
VALUES (6157, 6049, 'PRG', null, null, 'LINE', 'Y', 'Y', 'RECURRING', null, null, 220, null, null, 'VOLUME', null, null, null);
INSERT INTO m_modifier_line(MODIFIER_LINE_ID, MODIFIER_ID, TYPE, START_DATE, END_DATE, LEVEL, ISACTIVE, ISAUTOMATIC, BREAK_TYPE, APPLICATION_METHOD, VALUE, PRECEDENCE, PRICELIST_ID, BENEFIT_QTY, VOLUME_TYPE, BENEFIT_UOM_ID, VALUE_FROM, VALUE_TO) 
VALUES (6159, 6049, 'DIS', null, null, 'LINE', 'Y', 'Y', null, 'NEWPRICE', 0, NULL, 100, 6, NULL, 'CAN', NULL, null);

INSERT INTO m_modifier_attr(MODIFIER_ATTR_ID, MODIFIER_LINE_ID, PRODUCT_ATTRIBUTE, PRODUCT_ATTRIBUTE_VALUE, PRODUCT_UOM_ID, ISEXCLUDE, VALUE_FROM, VALUE_TO, OPERATOR, MODIFIER_ID) 
VALUES (272, 6145, 'ITEM', '501', 'CTN', 'N', 1, null, 'BETWEEN', 6049);
INSERT INTO m_modifier_attr(MODIFIER_ATTR_ID, MODIFIER_LINE_ID, PRODUCT_ATTRIBUTE, PRODUCT_ATTRIBUTE_VALUE, PRODUCT_UOM_ID, ISEXCLUDE, VALUE_FROM, VALUE_TO, OPERATOR, MODIFIER_ID) 
VALUES (274, 6147, 'ITEM', '502', 'CAN', 'N', NULL, null, NULL, 6049);

INSERT INTO m_modifier_attr(MODIFIER_ATTR_ID, MODIFIER_LINE_ID, PRODUCT_ATTRIBUTE, PRODUCT_ATTRIBUTE_VALUE, PRODUCT_UOM_ID, ISEXCLUDE, VALUE_FROM, VALUE_TO, OPERATOR, MODIFIER_ID) 
VALUES (275, 6148, 'ITEM', '503', 'CTN', 'N', 1, null, 'BETWEEN', 6049);
INSERT INTO m_modifier_attr(MODIFIER_ATTR_ID, MODIFIER_LINE_ID, PRODUCT_ATTRIBUTE, PRODUCT_ATTRIBUTE_VALUE, PRODUCT_UOM_ID, ISEXCLUDE, VALUE_FROM, VALUE_TO, OPERATOR, MODIFIER_ID) 
VALUES (277, 6150, 'ITEM', '504', 'CAN', 'N', NULL, null, NULL, 6049);

INSERT INTO m_modifier_attr(MODIFIER_ATTR_ID, MODIFIER_LINE_ID, PRODUCT_ATTRIBUTE, PRODUCT_ATTRIBUTE_VALUE, PRODUCT_UOM_ID, ISEXCLUDE, VALUE_FROM, VALUE_TO, OPERATOR, MODIFIER_ID) 
VALUES (292, 6157, 'ITEM', '505', 'CTN', 'N', 1, null, 'BETWEEN', 6049);
INSERT INTO m_modifier_attr(MODIFIER_ATTR_ID, MODIFIER_LINE_ID, PRODUCT_ATTRIBUTE, PRODUCT_ATTRIBUTE_VALUE, PRODUCT_UOM_ID, ISEXCLUDE, VALUE_FROM, VALUE_TO, OPERATOR, MODIFIER_ID) 
VALUES (294, 6159, 'ITEM', '506', 'CAN', 'N', NULL, null, NULL, 6049);


INSERT INTO m_relation_modifier(RELATION_MODIFIER_ID, MODIFIER_TYPE, MODIFIER_LINE_FROM_ID, MODIFIER_LINE_TO_ID) 
VALUES (4, 'BENEFIT', 6145, 6147);
INSERT INTO m_relation_modifier(RELATION_MODIFIER_ID, MODIFIER_TYPE, MODIFIER_LINE_FROM_ID, MODIFIER_LINE_TO_ID) 
VALUES (5, 'BENEFIT', 6148, 6150);
INSERT INTO m_relation_modifier(RELATION_MODIFIER_ID, MODIFIER_TYPE, MODIFIER_LINE_FROM_ID, MODIFIER_LINE_TO_ID) 
VALUES (6, 'BENEFIT', 6157, 6159);

DELETE FROM m_sales_target_new ;

INSERT INTO m_sales_target_new (SALES_TARGET_ID, TARGET_FROM, TARGET_TO, PRODUCT_ID, UOM_ID, TARGET_QTY, USER_ID) VALUES
(101, '2010-12-01', '2010-12-30', 101, 'CTN', 10, 2),
(102, '2010-12-01', '2010-12-30', 102, 'CTN', 10, 2),
(103, '2010-12-01', '2010-12-30', 103, 'CTN', 10, 2),
(104, '2010-12-01', '2010-12-30', 104, 'CTN', 10, 2),
(108, '2010-12-01', '2010-12-30', 501, 'CTN', 15, 2),
(109, '2010-12-01', '2010-12-30', 502, 'CTN', 15, 2),
(110, '2010-12-01', '2010-12-30', 503, 'CTN', 15, 2),
(111, '2010-12-01', '2010-12-30', 504, 'CTN', 15, 2),
(112, '2010-12-01', '2010-12-30', 505, 'CTN', 15, 2),
(113, '2010-12-01', '2010-12-30', 506, 'CTN', 15, 2);



INSERT INTO m_sales_target_new (SALES_TARGET_ID, TARGET_FROM, TARGET_TO, PRODUCT_ID, UOM_ID, TARGET_QTY, USER_ID) VALUES
(201, '2010-12-01', '2010-12-30', 101, 'CTN', 15, 3),
(202, '2010-12-01', '2010-12-30', 102, 'CTN', 15, 3),
(203, '2010-12-01', '2010-12-30', 103, 'CTN', 15, 3),
(204, '2010-12-01', '2010-12-30', 104, 'CTN', 15, 3),
(208, '2010-12-01', '2010-12-30', 501, 'CTN', 20, 3),
(209, '2010-12-01', '2010-12-30', 502, 'CTN', 20, 3),
(210, '2010-12-01', '2010-12-30', 503, 'CTN', 20, 3),
(211, '2010-12-01', '2010-12-30', 504, 'CTN', 20, 3),
(212, '2010-12-01', '2010-12-30', 505, 'CTN', 20, 3),
(213, '2010-12-01', '2010-12-30', 506, 'CTN', 20, 3);
